{
  "apkFileName": "𝗧𝗜𝗚𝗘𝗥 𝟯𝟰𝟵𝗫_src.apk",
  "PackageInfo": {
    "forcedPackageId": "127",
    "renameManifestPackage": null
  },
  "doNotCompress": [
    "resources.arsc",
    "png"
  ],
  "compressionType": false,
  "sparseResources": false,
  "version": "2.4.0-250627",
  "sharedLibrary": false,
  "VersionInfo": {
    "versionName": "1.0",
    "versionCode": "1"
  },
  "UsesFramework": {
    "ids": [1],
    "tag": null
  },
  "unknownFiles": {
    "play-services-basement.properties": "0",
    "firebase-auth.properties": "0",
    "play-services-base.properties": "0",
    "firebase-database.properties": "0",
    "firebase-auth-interop.properties": "8",
    "firebase-common.properties": "0",
    "firebase-components.properties": "0",
    "play-services-tasks.properties": "0",
    "firebase-database-collection.properties": "8"
  },
  "apkFilePath": "/storage/emulated/0/Download/𝗧𝗜𝗚𝗘𝗥 𝟯𝟰𝟵𝗫.apk",
  "compactEntries": false,
  "isFrameworkApk": false,
  "sdkInfo": {
    "minSdkVersion": "21",
    "targetSdkVersion": "34"
  }
}